"period","gain","lossgain","aoi"
"2000-2012",16193.5990284523,4046.84605790981,"AOI 1"
