"period","aoi","gain","lossgain"
"2000-2012","AOI 1",16193.5990284523,12287.0284583105
