"period","gain","lossgain","aoi"
"2000-2012",16193.5990284523,12287.0284583105,"AOI 1"
